Name,When Watched,Where did I watch it?,Episode,Episode Name,Year Released,Genre,"Movie
TV show",Rating out of 5,Would I recommend this?,Review,Main Actor,Director,Rating,Length,Rewatch,
Futurama,03/01/2021,Amazon Prime,S1:E1,Space Pilot 3000,1999,Animated,Series,4,Yes,,Billy West,Rich Moore,12,00:22:31,,
Futurama,03/01/2021,Amazon Prime,S1:E2,The Series has landed,1999,Animated,Series,4,Yes,,Billy West,Rich Moore,12,00:22:32,,
Futurama,04/01/2021,Amazon Prime,S1:E3,"I, Roommate",1999,Animated,Series,4,Yes,,Billy West,Rich Moore,12,00:22:32,,
Futurama,04/01/2021,Amazon Prime,S1:E4,Love's Laboursd os in Space,1999,Animated,Series,3,Yes,,Billy West,Rich Moore,12,00:22:33,,
Futurama,04/01/2021,Amazon Prime,S1:E5,Fear of a Bot Planet,1999,Animated,Series,3,Yes,,Billy West,Rich Moore,12,00:22:32,,
History of Swear Words,05/01/2021,Netflix,S1:E1,F**k,2020,Documentary,Series,3.5,Yes,,Nicolas Cage,,15,00:20:52,,
Futurama,05/01/2021,Amazon Prime,S1:E6,A Fishful of Dollars,1999,Animated,Series,4,Yes,,Billy West,Rich Moore,12,00:22:31,,
Futurama,05/01/2021,Amazon Prime,S1:E7,My Three Suns,1999,Animated,Series,3.5,Yes,,Billy West,Rich Moore,12,00:22:31,,
Futurama,06/01/2021,Amazon Prime,S1:E8,A Big Piece of Garbage,1999,Animated,Series,3.5,Yes,,Billy West,Rich Moore,12,00:22:31,,
Futurama,06/01/2021,Amazon Prime,S1:E9,Hell is Other Robots,1999,Animated,Series,3.5,Yes,,Billy West,Rich Moore,12,00:22:31,,
History of Swear Words,06/01/2021,Netflix,S1:E2,Sh*t,2020,Documentary,Series,3.5,Yes,,Nicolas Cage,,15,00:20:54,,
Futurama,06/01/2021,Amazon Prime,S2:E1,A Flight to Remember,1999,Animated,Series,3.5,Yes,,Billy West,Rich Moore,12,00:22:33,,
Futurama,08/01/2021,Amazon Prime,S2:E2,Mars University,1999,Animated,Series,4,Yes,,Billy West,Rich Moore,12,00:22:33,,
Futurama,08/01/2021,Amazon Prime,S2:E3,When Aliens Attack,1999,Animated,Series,4,Yes,,Billy West,Rich Moore,12,00:22:33,,
Futurama,08/01/2021,Amazon Prime,S2:E4,Fry and the Slurm Factory,1999,Animated,Series,3,Yes,,Billy West,Rich Moore,12,00:22:33,,
Futurama,08/01/2021,Amazon Prime,S2:E5,I second that emotion,1999,Animated,Series,3,Yes,,Billy West,Rich Moore,12,00:22:33,,
Futurama,08/01/2021,Amazon Prime,S2:E6,"Brannigan, Begin Again",1999,Animated,Series,3,Yes,,Billy West,Rich Moore,12,00:22:33,,
Futurama,09/01/2021,Amazon Prime,S2:E7,A Head in the Polls,1999,Animated,Series,3,Yes,,Billy West,Rich Moore,12,00:22:33,,
Futurama,09/01/2021,Amazon Prime,S2:E8,Xmas Story,1999,Animated,Series,3,Yes,,Billy West,Rich Moore,12,00:22:33,,
Futurama,09/01/2021,Amazon Prime,S2:E9,Why must i be a crustacean in love,2000,Animated,Series,3,Yes,,Billy West,Rich Moore,12,00:22:33,,
Futurama,09/01/2021,Amazon Prime,S2:E10,Put your head on my shoulder,2000,Animated,Series,3.5,Yes,,Billy West,Rich Moore,12,00:22:33,,
Futurama,10/01/2021,Amazon Prime,S2:E11,The Lesser of Two Evils,2000,Animated,Series,3.5,Yes,,Billy West,Rich Moore,12,00:22:33,,
Futurama,10/01/2021,Amazon Prime,S2:E12,Raging Bender,2000,Animated,Series,3.5,Yes,,Billy West,Rich Moore,12,00:22:33,,
Futurama,10/01/2021,Amazon Prime,S2:E13,A Bicyclops built for two,2000,Animated,Series,3.5,Yes,,Billy West,Rich Moore,12,00:22:33,,
Futurama,10/01/2021,Amazon Prime,S2:E14,How Hermes requisitioned his groove back,2000,Animated,Series,4,Yes,,Billy West,Rich Moore,12,00:22:33,,
Futurama,10/01/2021,Amazon Prime,S2:E15,A Clone of my own,2000,Animated,Series,4,Yes,,Billy West,Rich Moore,12,00:22:33,,
Futurama,10/01/2021,Amazon Prime,S2:E16,The deep south,2000,Animated,Series,4,Yes,,Billy West,Rich Moore,12,00:22:33,,
Futurama,11/01/2021,Amazon Prime,S2:E17,Bender Gets Made,2000,Animated,Series,4,Yes,,Billy West,Rich Moore,12,00:22:33,,
Futurama,11/01/2021,Amazon Prime,S2:E18,The problem with popplers,2000,Animated,Series,4,Yes,,Billy West,Rich Moore,12,00:22:33,,
Futurama,11/01/2021,Amazon Prime,S2:E19,Mothers Day,2000,Animated,Series,4,Yes,,Billy West,Rich Moore,12,00:22:33,,
Futurama,11/01/2021,Amazon Prime,S2:E20,Anthology of interest I,2000,Animated,Series,4,Yes,,Billy West,Rich Moore,12,00:22:33,,
Futurama,12/01/2021,Amazon Prime,S3:E1,The Honking,2000,Animated,Series,4,Yes,,Billy West,Rich Moore,12,00:22:35,,
Futurama,13/01/2021,Amazon Prime,S3:E2,War is the H Word,2000,Animated,Series,4,Yes,,Billy West,Rich Moore,12,00:22:35,,
Futurama,14/01/2021,Amazon Prime,S3:E3,THE CRYONIC WOMAN,2001,Animated,Series,4,Yes,,Billy West,Rich Moore,12,00:22:35,,
Futurama,14/01/2021,Amazon Prime,S3:E4,Parasites Lost,2001,Animated,Series,4,Yes,,Billy West,Rich Moore,12,00:22:35,,
Disenchantment,15/01/2021,Netflix,S3:E1,Subterranean Homesick Blues,2021,Animated,Series,3,no,,Abbi Jacobson,,12,00:30:52,,
Disenchantment,15/01/2021,Netflix,S3:E2,You're the bean,2021,Animated,Series,3,no,,Abbi Jacobson,,12,00:25:10,,
Outside The Wire,15/01/2021,Netflix,,,2021,Science Fiction,Movie,4,yes,,Anthony Mackie,Mikael Håfström,15,01:55:50,,
Disenchantment,16/01/2021,Netflix,S3:E3,Beanie Get Your Gun,2021,Animated,Series,3.5,no,,Abbi Jacobson,,12,00:32:55,,
Disenchantment,16/01/2021,Netflix,S3:E4,Steamland Confidential,2021,Animated,Series,3.5,no,,Abbi Jacobson,,12,00:30:59,,
Dredd,16/01/2021,Netflix,,,2012,Superhero,Movie,4,yes,,Karl Urban,Pete Travis,18,01:35:45,,
Disenchantment,16/01/2021,Netflix,S3:E5,Freak Out,2021,Animated,Series,3.5,no,,Abbi Jacobson,,12,00:26:09,,
Disenchantment,17/01/2021,Netflix,S3:E6,Last Splash,2021,Animated,Series,3.5,no,,Abbi Jacobson,,12,00:27:21,,
Disenchantment,17/01/2021,Netflix,S3:E7,Bad Moon Rising,2021,Animated,Series,3.5,no,,Abbi Jacobson,,12,00:28:51,,
Disenchantment,17/01/2021,Netflix,S3:E8,"Hey, Pig Spender",2021,Animated,Series,4,no,,Abbi Jacobson,,12,00:28:26,,
Disenchantment,17/01/2021,Netflix,S3:E9,The Madness of King Zog,2021,Animated,Series,4,no,,Abbi Jacobson,,12,00:27:53,,
Disenchantment,18/01/2021,Netflix,S3:E10,Bean Falls Down,2021,Animated,Series,4.5,no,,Abbi Jacobson,,12,00:27:19,,
Futurama,18/01/2021,Amazon Prime,S3:E5,Amazon Women in the mood,2001,Animated,Series,4,Yes,,Billy West,Rich Moore,12,00:22:35,,
Futurama,18/01/2021,Amazon Prime,S3:E6,Bendless Love,2001,Animated,Series,4,Yes,,Billy West,Rich Moore,12,00:22:35,,
Futurama,19/01/2021,Amazon Prime,S3:E7,The day the earth stood stupid,2001,Animated,Series,3.5,Yes,,Billy West,Rich Moore,12,00:22:35,,
Futurama,19/01/2021,Amazon Prime,S3:E8,That's Lobstertainment,2001,Animated,Series,4.5,yes,,Billy West,Rich Moore,12,00:22:35,,
Futurama,20/01/2021,Amazon Prime,S3:E9,The bird bot of ice-catraz,2001,Animated,Series,4.5,yes,,Billy West,Rich Moore,12,00:22:35,,
Futurama,22/01/2021,Amazon Prime,S3:E10,The Luck of the fryish,2001,Animated,Series,3.5,yes,,Billy West,Rich Moore,12,00:22:35,,
Futurama,22/01/2021,Amazon Prime,S3:E11,The Cyber House Rules,2001,Animated,Series,3,yes,,Billy West,Rich Moore,12,00:22:35,,
Futurama,22/01/2021,Amazon Prime,S3:E12,Insane in the mainframe,2001,Animated,Series,4.5,yes,,Billy West,Rich Moore,12,00:22:35,,
American Gods,22/01/2021,Amazon Prime,S3:E1,A Winter's Tale,2021,Drama,Series,4.5,yes,,Ricky Whittle,Joe Amiel,15,00:55:47,,
Futurama,23/01/2021,Amazon Prime,S3:E13,Bendin in the Wind,2001,Animated,Series,4,yes,,Billy West,Rich Moore,12,00:22:35,,
Futurama,23/01/2021,Amazon Prime,S3:E14,Time Keeps on Slipping,2001,Animated,Series,4,yes,,Billy West,Rich Moore,12,00:22:35,,
Futurama,23/01/2021,Amazon Prime,S3:E15,I Dated a robot,2001,Animated,Series,4,yes,,Billy West,Rich Moore,12,00:22:35,,
Futurama,24/01/2021,Amazon Prime,S4:E1,Roswell that ends well,2001,Animated,Series,4,yes,,Billy West,Rich Moore,12,00:22:35,,
Futurama,24/01/2021,Amazon Prime,S4:E2,A tale of two santas,2001,Animated,Series,4,yes,,Billy West,Rich Moore,12,00:22:35,,
Futurama,24/01/2021,Amazon Prime,S4:E3,Anthology of Intest II,2002,Animated,Series,4,yes,,Billy West,Rich Moore,12,00:22:35,,
American Gods,24/01/2021,Amazon Prime,S3:E2,Serious Moonlight,2021,Drama,Series,4.5,yes,,Ricky Whittle,Joe Amiel,15,00:51:41,,
American Gods,25/01/2021,Amazon Prime,S3:E3,Ashes and Demons,2021,Drama,Series,4.5,yes,,Ricky Whittle,Joe Amiel,15,00:50:11,,
Futurama,26/01/2021,Amazon Prime,S4:E4,Love and Rocket,2002,Animated,Series,3.5,yes,,Billy West,Rich Moore,12,00:22:35,,
Futurama,27/01/2021,Amazon Prime,S4:E5,Leela's Homeworld,2002,Animated,Series,3.5,yes,,Billy West,Rich Moore,12,00:22:35,,
Futurama,27/01/2021,Amazon Prime,S4:E6,Where the Buggalo Roam,2002,Animated,Series,3.5,yes,,Billy West,Rich Moore,12,00:22:35,,
Futurama,27/01/2021,Amazon Prime,S4:E7,A Pharoh to Remember,2002,Animated,Series,3.5,yes,,Billy West,Rich Moore,12,00:22:35,,
Futurama,27/01/2021,Amazon Prime,S4:E8,Godfellas,2002,Animated,Series,4.5,yes,,Billy West,Rich Moore,12,00:22:35,,
Futurama,27/01/2021,Amazon Prime,S4:E9,Future Stock,2002,Animated,Series,3,yes,,Billy West,Rich Moore,12,00:22:35,,
Futurama,30/01/2021,Amazon Prime,S4:E10,A Leela of her own,2002,Animated,Series,3,yes,,Billy West,Rich Moore,12,00:22:35,,
Futurama,30/01/2021,Amazon Prime,S4:E11,The 30% Iron Chef,2002,Animated,Series,3,yes,,Billy West,Rich Moore,12,00:22:35,,
Futurama,30/01/2021,Amazon Prime,S4:E12,Where no fan has gone before,2002,Animated,Series,3,yes,,Billy West,Rich Moore,12,00:22:35,,
Futurama,30/01/2021,Amazon Prime,S5:E1,Crimes of the hot,2002,Animated,Series,3,yes,,Billy West,Rich Moore,12,00:22:35,,
Futurama,30/01/2021,Amazon Prime,S5:E2,Jurassic Bark,2002,Animated,Series,3,yes,,Billy West,Rich Moore,12,00:22:35,,
Futurama,30/01/2021,Amazon Prime,S5:E3,The route of all evil,2002,Animated,Series,3,yes,,Billy West,Rich Moore,12,00:22:35,,
Futurama,31/01/2021,Amazon Prime,S5:E4,A Taste of Freedom,2002,Animated,Series,4,yes,,Billy West,Rich Moore,12,00:22:35,,
Futurama,31/01/2021,31/01/2021,S5:E5,Kif Gets knocked up a notch,2002,Animated,Series,3,yes,,Billy West,Rich Moore,12,00:22:35,,
Futurama,31/01/2021,Amazon Prime,S5:E6,Less Than Hero,2002,Animated,Series,2.5,yes,,Billy West,Rich Moore,12,00:22:35,,
Futurama,01/02/2021,Amazon Prime,S5:E7,Teenage mutant leela's hurdles,2003,Animated,Series,4.5,yes,,Billy West,Rich Moore,12,00:22:35,,
American Gods,02/02/2021,Amazon Prime,S3:E4,The Unseen,2021,Drama,Series,4.5,yes,,Ricky Whittle,Joe Amiel,15,00:50:06,,
James May's Oh Cook,03/02/2021,Amazon Prime,S1:E1,Asian,2021,Reality,Series,3.5,yes,,James May,,,00:31:32,,
Rising High,04/02/2021,Netflix,,,2020,Based on Real Life,Movie,4.5,yes,,David Kross,Cüneyt Kaya,15,01:34:41,,
Futurama,05/02/2021,Amazon Prime,S5:E8,The why of fry,2003,Animated,Series,4.5,yes,,Billy West,Rich Moore,12,00:22:35,,
WandaVision,06/02/2021,Disney+,S1:E1,Filmed Before a Live Studio Audience,2021,Superhero,Series,4.5,yes,,Elizabeth Olsen,Matt Shakman,12,00:29:36,,
WandaVision,06/02/2021,Disney+,S1:E2,Don't touch that dial,2021,Superhero,Series,5,yes,,Elizabeth Olsen,Matt Shakman,12,00:36:32,,
WandaVision,06/02/2021,Disney+,S1:E3,Now in colour,2021,Superhero,Series,5,yes,,Elizabeth Olsen,Matt Shakman,12,00:32:40,,
WandaVision,06/02/2021,Disney+,S1:E4,We Interrupt this program,2021,Superhero,Series,5,yes,,Elizabeth Olsen,Matt Shakman,12,00:34:52,,
WandaVision,06/02/2021,Disney+,S1:E5,On a Very Special Episode...,2021,Superhero,Series,5,yes,,Elizabeth Olsen,Matt Shakman,12,00:41:17,,
Futurama,06/02/2021,Amazon Prime,S5:E10,The farnsworth parabox,2003,Animated,Series,3,yes,,Billy West,Rich Moore,12,00:22:35,,
Futurama,06/02/2021,Amazon Prime,S5:E11,Three hundred big balls,2003,Animated,Series,3,yes,,Billy West,Rich Moore,12,00:22:35,,
Futurama,06/02/2021,Amazon Prime,S5:E12,spanish fry,2003,Animated,Series,3,yes,,Billy West,Rich Moore,12,00:22:35,,
Futurama,07/02/2021,Amazon Prime,S5:E13,Bend Her,2003,Animated,Series,3,yes,,Billy West,Rich Moore,12,00:22:35,,
Futurama,07/02/2021,Amazon Prime,S5:E14,Obsoletely fabulous,2003,Animated,Series,3,yes,,Billy West,Rich Moore,12,00:22:35,,
Futurama,07/02/2021,Amazon Prime,S5:E15,Bender should not be allowed on TV,2003,Animated,Series,3,yes,,Billy West,Rich Moore,12,00:22:35,,
Futurama,08/02/2021,Amazon Prime,S5:E16,The Devil's hands are idle playthings,2003,Animated,Series,3,yes,,Billy West,Rich Moore,12,00:22:35,,
Futurama,11/02/2021,Amazon Prime,,Bender's Big Score,2008,Animated,Movie,3.5,yes,,Billy West,Rich Moore,12,01:28:50,,
WandaVision,12/02/2021,Disney+,S1:E6,All-New Halloween Spooktacular!,2021,Superhero,Series,5,yes,,Elizabeth Olsen,Matt Shakman,12,00:37:57,,
Futurama,12/02/2021,Amazon Prime,,The Beast with a billion back,2008,Animated,Movie,3.5,yes,,Billy West,Rich Moore,12,01:28:48,,
Futurama,13/02/2021,Amazon Prime,,Bender's Game,2009,Animated,Movie,3.5,yes,,Billy West,Rich Moore,12,01:26:55,,
Soul,13/02/2021,Disney+,,,2020,Animated,Movie,5,,,Jamie Foxx,Pete Docter,6+,01:49:54,,
Futurama,13/02/2021,Amazon Prime,,Into the wild green yonder,2009,Animated,Movie,3.5,yes,,Billy West,Rich Moore,12,01:29:11,,
Futurama,14/02/2021,Amazon Prime,S7:E1,REBIRTH,2010,Animated,Series,3.5,yes,,Billy West,Rich Moore,12,00:21:38,,
Futurama,14/02/2021,Amazon Prime,S7:E2,In-a-Garda-da-leela,2010,Animated,Series,4.5,yes,,Billy West,Rich Moore,12,00:21:38,,
Futurama,15/02/2021,Amazon Prime,S7:E3,ATTACK of the killer app,2010,Animated,Series,3.5,yes,,Billy West,Rich Moore,12,00:21:38,,
Futurama,15/02/2021,Amazon Prime,S7:E4,Propsotion infinity,2010,Animated,Series,3.5,yes,,Billy West,Rich Moore,12,00:21:38,,
American Gods,15/02/2021,Amazon Prime,S3:E5,Sister Rising,2021,Drama,Series,4.5,yes,,Ricky Whittle,Joe Amiel,15,00:50:11,,
Futurama,17/02/2021,Amazon Prime,S7:E5,The Duh-Vinci Code,2010,Animated,Series,3.5,yes,,Billy West,Rich Moore,12,00:21:38,,
Futurama,17/02/2021,Amazon Prime,S7:E6,Lethal Inspection,2010,Animated,Series,3.5,yes,,Billy West,Rich Moore,12,00:21:38,,
Futurama,18/02/2021,Amazon Prime,S7:E7,The late Philip j fry/,2010,Animated,Series,3.5,yes,,Billy West,Rich Moore,12,00:21:38,,
WandaVision,19/02/2021,Disney+,S1:E7,Breaking the fourth wall,2021,Superhero,Series,5,yes,,Elizabeth Olsen,Matt Shakman,12,00:37:56,,
American Gods,21/02/2021,Amazon Prime,S3:E6,Conscience of the King,2021,Drama,Series,4.5,yes,,Ricky Whittle,Joe Amiel,15,00:50:11,,
WandaVision,26/02/2021,Disney+,S1:E8,Previously on...,2021,Superhero,Series,5,yes,,Elizabeth Olsen,Matt Shakman,12,00:47:06,,
Escape from Pretoria,27/02/2021,Amazon Prime,,,2020,Based on Real Life,Movie,3.5,Yes,,Daniel Radcliffe,,16+,01:46:26,,
Futurama,28/02/2021,Amazon Prime,S7:E8,that darn katz,2010,Animated,Series,3.5,yes,,Billy West,Rich Moore,12,00:21:38,,
Futurama,28/02/2021,Amazon Prime,S7:E9,A clockwork origin,2010,Animated,Series,3.5,yes,,Billy West,Rich Moore,12,00:21:38,,
American Gods,03/03/2021,Amazon Prime,S3:E7,Fire and Ice,2021,Drama,Series,4.5,yes,,Ricky Whittle,Joe Amiel,15,00:47:51,,
WandaVision,05/03/2021,Disney+,S1:E9,The Series Finale,2021,Superhero,Series,5,yes,,Elizabeth Olsen,Matt Shakman,12,00:49:38,,
Futurama,07/03/2021,Amazon Prime,S7:E10,The prisoner of benda,2010,Animated,Series,3.5,yes,,Billy West,Rich Moore,12,00:21:38,,
Futurama,07/03/2021,Amazon Prime,S7:E11,Lrreconcilable ndndifferences,2010,Animated,Series,3.5,yes,,Billy West,Rich Moore,12,00:21:38,,
Aquaman,12/03/2021,Amazon Prime,,,2018,Superhero,Movie,5,yes,,Jason Momoa,James Wan,12,02:23:17,,
American Gods,13/03/2021,Amazon Prime,S3:E8,The Rapture of Burning,2021,Drama,Series,4.5,yes,,Ricky Whittle,Joe Amiel,15,00:57:42,,
Futurama,14/03/2021,Amazon Prime,S7:E12,The mutants are revolting,2010,Animated,Series,3.5,yes,,Billy West,Rich Moore,12,00:21:38,,
Futurama,14/03/2021,Amazon Prime,S7:E13,Holiday Spectacular,2010,Animated,Series,3.5,yes,,Billy West,Rich Moore,12,00:21:38,,
Futurama,16/03/2021,Amazon Prime,S8:E1,Neutopia,2010,Animated,Series,3.5,yes,,Billy West,Rich Moore,12,00:21:38,,
Futurama,17/03/2021,Amazon Prime,S8:E2,Benderama,2010,Animated,Series,3.5,yes,,Billy West,Rich Moore,12,00:21:38,,
Futurama,17/03/2021,Amazon Prime,S8:E3,Ghost in the machines,2010,Animated,Series,3.5,yes,,Billy West,Rich Moore,12,00:21:38,,
Futurama,18/03/2021,Amazon Prime,S8:E4,Law & Oracle,2010,Animated,Series,4,yes,,Billy West,Rich Moore,12,00:21:38,,
Futurama,18/03/2021,Amazon Prime,S8:E5,silence of the clamps,2010,Animated,Series,3.5,yes,,Billy West,Rich Moore,12,00:21:38,,
American Gods,19/03/2021,Amazon Prime,S3:E9,The Lake Effect,2021,Drama,Series,4.5,yes,,Ricky Whittle,Joe Amiel,15,00:52:57,,
The Falcon and The Winter Soldier,19/03/2021,Disney+,S1:E1,New World Order,2021,Superhero,Series,4,yes,,Anthony Mackie,,,00:49:46,,
Futurama,20/03/2021,Amazon Prime,S8:E6,yo leela leela,2010,Animated,Series,3.5,yes,,Billy West,Rich Moore,12,00:21:38,,
Futurama,20/03/2021,Amazon Prime,S8:E7,All the presidents heads,2010,Animated,Series,3.5,yes,,Billy West,Rich Moore,12,00:21:38,,
Futurama,20/03/2021,Amazon Prime,S8:E8,Mobius Dick,2010,Animated,Series,3.5,yes,,Billy West,Rich Moore,12,00:21:38,,
Futurama,20/03/2021,Amazon Prime,S8:E9,fry am the egg man,2010,Animated,Series,3.5,yes,,Billy West,Rich Moore,12,00:21:38,,
Office Space,20/03/2021,Disney+,,,1999,Comedy,Movie,4,,,Ron Livingston,Mike Judge,16+,01:29:50,,
Futurama,20/03/2021,Amazon Prime,S8:E10,The tip of the zoidberg,2010,Animated,Series,4,yes,,Billy West,Rich Moore,12,00:21:38,,
Futurama,21/03/2021,Amazon Prime,S8:E11,Cold warriors,2010,Animated,Series,3.5,yes,,Billy West,Rich Moore,12,00:21:38,,
Futurama,21/03/2021,Amazon Prime,S8:E12,Overclockwise,2010,Animated,Series,3.5,yes,,Billy West,Rich Moore,12,00:21:38,,
Futurama,21/03/2021,Amazon Prime,S8:E13,Reincarnation,2010,Animated,Series,3.5,yes,,Billy West,Rich Moore,12,00:21:38,,
Futurama,21/03/2021,Amazon Prime,S9:E1,The bots and the bees,2013,Animated,Series,3.5,yes,,Billy West,Rich Moore,12,00:21:38,,
Futurama,21/03/2021,Amazon Prime,S9:E2,A farewell to ARms,2013,Animated,Series,3.5,yes,,Billy West,Rich Moore,12,00:21:38,,
Futurama,21/03/2021,Amazon Prime,S9:E3,decision 3012,2013,Animated,Series,3.5,yes,,Billy West,Rich Moore,12,00:21:38,,
Futurama,21/03/2021,Amazon Prime,S9:E4,the thief of baghead,2013,Animated,Series,3.5,yes,,Billy West,Rich Moore,12,00:21:38,,
Futurama,21/03/2021,Amazon Prime,S9:E5,zapp dingbat,2013,Animated,Series,3.5,yes,,Billy West,Rich Moore,12,00:21:38,,
Futurama,25/03/2021,Amazon Prime,S9:E6,The butterjunk effect,2013,Animated,Series,3.5,yes,,Billy West,Rich Moore,12,00:21:38,,
Futurama,25/03/2021,Amazon Prime,S9:E7,The six million dollar mon,2013,Animated,Series,3.5,yes,,Billy West,Rich Moore,12,00:21:38,,
Futurama,26/03/2021,Amazon Prime,S9:E8,Fun on a bun,2013,Animated,Series,3.5,yes,,Billy West,Rich Moore,12,00:21:38,,
American Gods,26/03/2021,Amazon Prime,S3:E10,tears of the wrath-bearing tree,2021,Drama,Series,4.5,yes,,Ricky Whittle,Joe Amiel,15,00:52:17,,
Futurama,26/03/2021,Amazon Prime,S9:E9,free will hunting,2013,Animated,Series,3.5,yes,,Billy West,Rich Moore,12,00:21:38,,
The Falcon and The Winter Soldier,26/03/2021,Disney+,S1:E2,The star-spangled man,2021,Superhero,Series,4,yes,,Anthony Mackie,,12,00:49:44,,
Futurama,27/03/2021,Amazon Prime,S9:E10,near wish death,2013,Animated,Series,3.5,yes,,Billy West,Rich Moore,12,00:21:38,,
Futurama,27/03/2021,Amazon Prime,S9:E11,Viva mars vegas,2013,Animated,Series,3.5,yes,,Billy West,Rich Moore,12,00:21:38,,
Futurama,27/03/2021,Amazon Prime,S9:E12,31st Century Fox,2013,Animated,Series,3.5,yes,,Billy West,Rich Moore,15,00:21:38,,
Futurama,27/03/2021,Amazon Prime,S9:E13,Naturama,2013,Animated,Series,1,yes,,Billy West,Rich Moore,15,00:21:38,,
Futurama,27/03/2021,Amazon Prime,S10:E1,2D-Backdrop,2013,Animated,Series,3.5,yes,,Billy West,Rich Moore,15,00:21:38,,
Futurama,27/03/2021,Amazon Prime,S10:E2,fry and leela's big fling,2013,Animated,Series,3.5,yes,,Billy West,Rich Moore,15,00:21:38,,
Futurama,27/03/2021,Amazon Prime,S10:E3,the terrestrial,2013,Animated,Series,3.5,yes,,Billy West,Rich Moore,15,00:21:38,,
Futurama,28/03/2021,Amazon Prime,S10:E4,Forty percent leadbelly,2013,Animated,Series,3.5,yes,,Billy West,Rich Moore,15,00:21:38,,
Futurama,28/03/2021,Amazon Prime,S10:E5,the inhuman touch,2013,Animated,Series,3.5,yes,,Billy West,Rich Moore,15,00:21:38,,
Futurama,28/03/2021,Amazon Prime,S10:E6,Saturday morning fun pit,2013,Animated,Series,1,yes,,Billy West,Rich Moore,15,00:21:38,,
Futurama,28/03/2021,Amazon Prime,S10:E7,Calculon 2.0,2013,Animated,Series,3.5,yes,,Billy West,Rich Moore,15,00:21:38,,
Futurama,29/03/2021,Amazon Prime,S10:E8,Assie come home,2013,Animated,Series,3.5,yes,,Billy West,Rich Moore,15,00:21:38,,
Futurama,29/03/2021,Amazon Prime,S10:E9,leela and the genestalk,2013,Animated,Series,3.5,yes,,Billy West,Rich Moore,15,00:21:38,,
Futurama,30/03/2021,Amazon Prime,S10:E10,Game of Tones,2013,Animated,Series,3.5,yes,,Billy West,Rich Moore,15,00:21:38,,
Futurama,30/03/2021,Amazon Prime,S10:E11,murder on the planet express,2013,Animated,Series,3.5,yes,,Billy West,Rich Moore,15,00:21:38,,
Futurama,30/03/2021,Amazon Prime,S10:E12,Stench and stenchilibity,2013,Animated,Series,3.5,yes,,Billy West,Rich Moore,15,00:21:38,,
Futurama,30/03/2021,Amazon Prime,S10:E13,Meanwhile,2013,Animated,Series,3.5,yes,,Billy West,Rich Moore,15,00:21:38,,
Solar Opposites,01/04/2021,Disney+,S1:E1,The Matter Transfer Array,2020,Animated,Series,3.5,yes,,,,16+,00:23:58,,
Solar Opposites,01/04/2021,Disney+,S1:E2,The unstable grey hole,2020,Animated,Series,3.5,yes,,,,16+,00:23:58,,
Solar Opposites,01/04/2021,Disney+,S1:E3,The quantum ring,2020,Animated,Series,3.5,yes,,,,16+,00:22:14,,
Solar Opposites,02/04/2021,Disney+,S1:E4,The booster Manifold,2020,Animated,Series,4,yes,,,,16+,00:24:27,,
Solar Opposites,02/04/2021,Disney+,S1:E5,The lavatory reactor,2020,Animated,Series,3.5,yes,,,,16+,00:24:40,,
Solar Opposites,02/04/2021,Disney+,S1:E6,patrica automated television-in action,2020,Animated,Series,3.5,yes,,,,12,00:23:11,,
Solar Opposites,02/04/2021,Disney+,S1:E7,Korvo and terry steal a bear,2020,Animated,Series,3.5,yes,,,,16+,00:23:25,,
Solar Opposites,02/04/2021,Disney+,S1:E8,Terrace your step alizer,2020,Animated,Series,3.5,yes,,,,16+,00:24:35,,
The Falcon and The Winter Soldier,02/04/2021,Disney+,S1:E3,power broker,2021,Superhero,Series,5,yes,,Anthony Mackie,,12,00:53:12,,
The Mauritanian,03/04/2021,Amazon Prime,,,2021,Based on Real Life,Movie,5,yes,,Jodie Foster,Kevin Macdonald,16+,02:09:20,,
Solar Opposites,10/04/2021,Disney+,S2:E1,The sacred non-repeating number,2021,Animated,Series,4,yes,,,,16+,00:21:42,,
The Falcon and The Winter Soldier,11/04/2021,Disney+,S1:E4,The whole world is watching,2021,Superhero,Series,5,yes,,Anthony Mackie,,12,00:52:40,,
Solar Opposites,16/04/2021,Disney+,S2:E2,The Earth Eraser,2021,Animated,Series,4,yes,,,,16+,00:21:40,,
The Falcon and The Winter Soldier,16/04/2021,Disney+,S1:E5,Truth,2021,Superhero,Series,5,yes,,Anthony Mackie,,12,01:00:02,,
Sound of Metal,17/04/2021,Amazon Prime,,,2020,Drama,Movie,4,yes,,Rip Ahmed,Darius Marder,15,02:00:46,,
The Falcon and The Winter Soldier,23/04/2021,Disney+,S1:E6,One world one people,2021,Superhero,Series,5,yes,,Anthony Mackie,,12,00:51:14,,
Solar Opposites,23/04/2021,Disney+,S2:E3,the lake house device,2021,Animated,Series,4,yes,,,,16+,00:21:40,,
Palm Springs,24/04/2021,Amazon Prime,,,2020,Comedy,Movie,4.5,yes,,Andy Samberg,Max Barbakow,16+,01:30:05,,
Bob's Burgers,24/04/2021,Disney+,S1:E1,Human Flesh,2011,Animated,Series,3.5,no,,,,12+,00:21:05,,
Bob's Burgers,24/04/2021,Disney+,S1:E2,Crawl Space,2011,Animated,Series,3.5,no,,,,12+,00:21:48,,
Bob's Burgers,25/04/2021,Disney+,S1:E3,Sacred Cow,2011,Animated,Series,3.5,yes,,,,12+,00:21:54,,
Bob's Burgers,25/04/2021,Disney+,S1:E4,Sexy Dancing fighting,2011,Comedy,Series,3.5,yes,,,,12+,00:21:54,,
Bob's Burgers,25/04/2021,Disney+,S1:E5,Hamburger dinner theater,2011,Comedy,Series,3.5,yes,,,,12+,00:21:34,,
Bob's Burgers,25/04/2021,Disney+,S1:E6,Sheesh! Cab Bob,2011,Animated,Series,3.5,yes,,,,12+,00:21:51,,
Bob's Burgers,25/04/2021,Disney+,S1:E6,Sheesh! Cab Bob,2011,Animated,Series,3.5,yes,,,,12+,00:21:51,,
Bob's Burgers,25/04/2021,Disney+,S1:E7,Bed & Breakfast,2011,Animated,Series,3.5,yes,,,,12+,00:21:53,,
Bob's Burgers,25/04/2021,Disney+,S1:E8,Art Crawl,2011,Animated,Series,3.5,yes,,,,12+,00:21:55,,
Bob's Burgers,25/04/2021,Disney+,S1:E9,Spaghetti western and meatballs,2011,Animated,Series,3.5,yes,,,,12+,00:21:53,,
Bob's Burgers,26/04/2021,Disney+,S1:E10,Burger Wars,2011,Animated,Series,3.5,yes,,,,12+,00:21:53,,
Bob's Burgers,28/04/2021,Disney+,S1:E11,Weekend at Morts,2011,Animated,Series,3.5,yes,,,,12+,00:21:35,,
Bob's Burgers,28/04/2021,Disney+,S1:E12,Lobsterfest,2011,Animated,Series,3.5,yes,,,,12+,00:21:35,,
Bob's Burgers,28/04/2021,Disney+,S1:E13,Torpeno,2011,Animated,Series,3.5,yes,,,,12+,00:21:52,,
Bob's Burgers,28/04/2021,Disney+,S2:E1,The Belchies,2012,Animated,Series,3.5,yes,,,,12+,00:21:52,,
Bob's Burgers,29/04/2021,Disney+,S2:E2,Bob Day Afternoon,2012,Animated,Series,3.5,yes,,,,12+,00:21:59,,
Bob's Burgers,29/04/2021,Disney+,S2:E3,Synchronised Swimming,2012,Animated,Series,3.5,yes,,,,12+,00:21:41,,
Bob's Burgers,29/04/2021,Disney+,S2:E4,Burgerboss,2012,Animated,Series,3.5,yes,,,,12+,00:22:00,,
Bob's Burgers,29/04/2021,Disney+,S2:E5,Food truckin,2012,Animated,Series,3.5,yes,,,,12+,00:21:42,,
Bob's Burgers,30/04/2021,Disney+,S2:E6,Dr. Yap,2012,Animated,Series,3.5,yes,,,,12+,00:21:58,,
Bob's Burgers,30/04/2021,Disney+,S2:E7,Moody Foodie,2012,Animated,Series,3.5,yes,,,,12+,00:21:58,,
Solar Opposites,30/04/2021,Disney+,S2:E4,The Emergency Urbanizer,2021,Animated,Series,4,yes,,,,16+,00:22:18,,
Bob's Burgers,01/05/2021,Disney+,S2:E8,Bad Tina,2012,Animated,Series,3.5,yes,,,,12+,00:21:55,,
Bob's Burgers,01/05/2021,Disney+,S2:E9,Beefsquatch,2012,Animated,Series,4,yes,,,,12+,00:22:01,,
Bob's Burgers,01/05/2021,Disney+,S3:E1,Ear-sy Rider,2012,Animated,Series,3.5,yes,,,,12+,00:22:06,,
Bob's Burgers,01/05/2021,Disney+,S3:E2,Full Bars,2012,Animated,Series,3.5,yes,,,,12+,00:21:51,,
Bob's Burgers,01/05/2021,Disney+,S3:E3,Bob fires the kids,2012,Animated,Series,3.5,yes,,,,12+,00:22:06,,
Tom Clancy's Without Remorse,01/05/2021,Amazon Prime,,,2021,Action,Movie,5,Yes,,Michael B Jordan,Stefano Sollima,16+,01:49:15,,
Bob's Burgers,01/05/2021,Disney+,S3:E4,Mutiny on the windbreaker,2012,Animated,Series,3.5,yes,,,,12+,00:22:06,,
Bob's Burgers,01/05/2021,Disney+,S3:E5,An indecent thanksgiving proposal,2012,Animated,Series,2,no,,,,12+,00:22:02,,
Bob's Burgers,02/05/2021,Disney+,S3:E6,The deepening,2012,Animated,Series,3.5,Yes,,,,12+,00:21:45,,
Bob's Burgers,02/05/2021,Disney+,S3:E7,Tinarannosaurus wrecks,2012,Animated,Series,3.5,Yes,,,,12+,00:22:02,,
Bob's Burgers,02/05/2021,Disney+,S3:E8,The unbearable like-likeness of gene,2012,Animated,Series,3.5,Yes,,,,12+,00:22:02,,
Bob's Burgers,02/05/2021,Disney+,S3:E9,Bo rest ye merry gentle-mannequins,2012,Animated,Series,3.5,Yes,,,,12+,00:22:05,,
Bob's Burgers,02/05/2021,Disney+,S3:E10,Mother Daughter Laser Razor,2013,Animated,Series,3.5,Yes,,,,12+,00:22:06,,
Bob's Burgers,02/05/2021,Disney+,S3:E11,Nude Beach,2013,Animated,Series,3.5,Yes,,,,12+,00:22:06,,
Bob's Burgers,02/05/2021,Disney+,S3:E12,Broadcast wagstaff school news,2013,Animated,Series,2,Yes,,,,12+,00:21:55,,
Bob's Burgers,03/05/2021,Disney+,S3:E13,My Fuzzy Valentine,2013,Animated,Series,2,Yes,,,,12+,00:22:02,,
Bob's Burgers,03/05/2021,Disney+,S3:E14,Lindapendent woman,2013,Animated,Series,2,Yes,,,,12+,00:21:45,,
Bob's Burgers,03/05/2021,Disney+,S3:E15,Outside toilet,2013,Animated,Series,2,Yes,,,,12+,00:21:45,,
Bob's Burgers,03/05/2021,Disney+,S3:E16,Topsy,2013,Animated,Series,2,Yes,,,,12+,00:22:05,,
Bob's Burgers,04/05/2021,Disney+,S3:E17,Two for tina,2013,Animated,Series,2,Yes,,,,12+,00:22:05,,
Bob's Burgers,04/05/2021,Disney+,S3:E18,it snakes a village,2013,Animated,Series,2,Yes,,,,12+,00:21:40,,
Bob's Burgers,05/05/2021,Disney+,S3:E19,Family Fracas,2013,Animated,Series,2,Yes,,,,12+,00:22:01,,
Bob's Burgers,05/05/2021,Disney+,S3:E20,Kids run the restaurant,2013,Animated,Series,2,Yes,,,,12+,00:22:00,,
Bob's Burgers,05/05/2021,Disney+,S3:E21,Boyz 4 now,2013,Animated,Series,2,Yes,,,,12+,00:21:45,,
Bob's Burgers,06/05/2021,Disney+,S3:E22,Carpe museum,2013,Animated,Series,2,Yes,,,,12+,00:21:45,,
Bob's Burgers,06/05/2021,Disney+,S3:E23,The unnatural,2013,Animated,Series,2,Yes,,,,12+,00:22:05,,
Bob's Burgers,07/05/2021,Disney+,S4:E1,A river runs through bob,2013,Animated,Series,2,Yes,,,,12+,00:22:07,,
Bob's Burgers,07/05/2021,Disney+,S4:E2,Fort Night,2013,Animated,Series,2,Yes,,,,12+,00:22:13,,
Solar Opposites,07/05/2021,Disney+,S2:E5,The rad awesome terrific ray,2021,Animated,Series,4,yes,,,,16+,00:21:21,,
Bob's Burgers,08/05/2021,Disney+,S4:E3,Seaplane!,2013,Animated,Series,2,Yes,,,,12+,00:21:58,,
Bob's Burgers,08/05/2021,Disney+,S4:E4,My big fat Greek bob,2013,Animated,Series,2,Yes,,,,12+,00:21:55,,
Bob's Burgers,08/05/2021,Disney+,S4:E5,turkey in a can,2013,Animated,Series,2,Yes,,,,12+,00:21:45,,
Bob's Burgers,08/05/2021,Disney+,S4:E6,purple rain-union,2013,Animated,Series,2,Yes,,,,12+,00:22:02,,
Bob's Burgers,08/05/2021,Disney+,S4:E7,bob and deliver,2013,Animated,Series,2,Yes,,,,12+,00:22:05,,
Bob's Burgers,08/05/2021,Disney+,S4:E8,christmas in the car,2013,Animated,Series,2,Yes,,,,12+,00:21:50,,
Bob's Burgers,08/05/2021,Disney+,S4:E9,Slumber party,2014,Animated,Series,2,Yes,,,,12+,00:22:05,,
Bob's Burgers,09/05/2021,Disney+,S4:E10,presto Tina-o,2014,Animated,Series,2,Yes,,,,12+,00:21:50,,
Bob's Burgers,09/05/2021,Disney+,S4:E11,"Easy com-medical, easy go-merical",2014,Animated,Series,2,Yes,,,,12+,00:22:00,,
Bob's Burgers,09/05/2021,Disney+,S4:E12,The frond files,2014,Animated,Series,4,Yes,,,,12+,00:22:20,,
Bob's Burgers,09/05/2021,Disney+,S4:E13,Mazel tina,2014,Animated,Series,2,Yes,,,,12+,00:22:08,,
Bob's Burgers,10/05/2021,Disney+,S4:E14,Uncle Teddy,2014,Animated,Series,2,Yes,,,,12+,00:22:10,,
Bob's Burgers,10/05/2021,Disney+,S4:E15,the kids rob a train,2014,Animated,Series,3.5,Yes,,,,12+,00:22:08,,
Bob's Burgers,10/05/2021,Disney+,S4:E16,I get psy-hic out of you,2014,Animated,Series,2,Yes,,,,12+,00:22:15,,
Bob's Burgers,11/05/2021,Disney+,S4:E17,Equestranauts,2014,Animated,Series,2,Yes,,,,12+,00:22:11,,
Bob's Burgers,11/05/2021,Disney+,S4:E18,Ambergris,2014,Animated,Series,2,Yes,,,,12+,00:21:48,,
Bob's Burgers,12/05/2021,Disney+,S4:E19,The kids run away,2014,Animated,Series,2,Yes,,,,12+,00:22:12,,
Bob's Burgers,13/05/2021,Disney+,S4:E20,Gene it on,2014,Animated,Series,2,Yes,,,,12+,00:22:11,,
Bob's Burgers,13/05/2021,Disney+,S4:E21,Wharf Horse,2014,Animated,Series,2,Yes,,,,12+,00:22:07,,
Bob's Burgers,13/05/2021,Disney+,S4:E22,world wharf II: The wharfening,2014,Animated,Series,2,Yes,,,,12+,00:22:10,,
Bob's Burgers,13/05/2021,Disney+,S5:E1,"Work hard or die trying, girl",2014,Animated,Series,2,Yes,,,,12+,00:21:57,,
Bob's Burgers,13/05/2021,Disney+,S5:E2,Tina and the real ghost,2014,Animated,Series,2,Yes,,,,12+,00:21:59,,
Solar Opposites,14/05/2021,Disney+,S2:E6,the Apple Pencil pro,2021,Animated,Series,4,yes,,,,16+,00:22:50,,
Bob's Burgers,14/05/2021,Disney+,S5:E3,friends with burger-fits,2014,Animated,Series,2,Yes,,,,12+,00:21:55,,
Bob's Burgers,14/05/2021,Disney+,S5:E4,Dawn of the peck,2014,Animated,Series,2,Yes,,,,12+,00:21:42,,
Bob's Burgers,15/05/2021,Disney+,S5:E5,best burger,2014,Animated,Series,2,Yes,,,,12+,00:21:28,,
Bob's Burgers,15/05/2021,Disney+,S5:E6,Father of the bob,2014,Animated,Series,2,Yes,,,,12+,00:21:52,,
Bob's Burgers,15/05/2021,Disney+,S5:E7,Tina tailor soldier spy,2014,Animated,Series,2,Yes,,,,12+,00:21:56,,
Bob's Burgers,15/05/2021,Disney+,S5:E8,midday run,2015,Animated,Series,2,Yes,,,,12+,00:21:44,,
Glass,15/05/2021,Disney+,,,2019,Thriller,Movie,4.5,yes,,Bruce Willis Samuel L. Jackson James McAvoy,M. Night Shyamalan,PG-13,02:10:55,,
Bob's Burgers,16/05/2021,Disney+,S5:E9,Speakeasy rider,2015,Animated,Series,2,Yes,,,,12+,00:21:57,,
Bob's Burgers,16/05/2021,Disney+,S5:E10,Late afternoon in the garden of bob and louise,2015,Animated,Series,2,Yes,,,,12+,00:21:54,,
Bob's Burgers,16/05/2021,Disney+,S5:E11,cant buy me math,2015,Animated,Series,2,Yes,,,,12+,00:21:58,,
Bob's Burgers,16/05/2021,Disney+,S5:E12,The Millie-churnian candidate,2015,Animated,Series,2,Yes,,,,12+,00:21:57,,
Bob's Burgers,16/05/2021,Disney+,S5:E13,the Gayle tale,2015,Animated,Series,2,Yes,,,,12+,00:21:52,,
Bob's Burgers,16/05/2021,Disney+,S5:E14,Li'l hard dad,2015,Animated,Series,2,Yes,,,,12+,00:21:47,,
Bob's Burgers,16/05/2021,Disney+,S5:E15,adventures in chinchilla-sitting,2015,Animated,Series,2,Yes,,,,12+,00:21:42,,
Bob's Burgers,16/05/2021,Disney+,S5:E16,The runway club,2015,Animated,Series,2,Yes,,,,12+,00:21:52,,
Bob's Burgers,16/05/2021,Disney+,S5:E17,The itty bitty ditty committee,2015,Animated,Series,2,Yes,,,,12+,00:21:57,,
Bob's Burgers,17/05/2021,Disney+,S5:E18,Eat spray linda,2015,Animated,Series,2,Yes,,,,12+,00:21:43,,
Bob's Burgers,17/05/2021,Disney+,S5:E19,housetrap,2015,Animated,Series,2,Yes,,,,12+,00:21:57,,
Bob's Burgers,17/05/2021,Disney+,S5:E20,Hawk and chck,2015,Animated,Series,2,Yes,,,,12+,00:21:47,,
Bob's Burgers,17/05/2021,Disney+,S5:E21,The oeder games,2015,Animated,Series,2,Yes,,,,12+,00:21:57,,
Bob's Burgers,17/05/2021,Disney+,S6:E1,Sliding Bobs,2015,Animated,Series,2,Yes,,,,12+,00:22:08,,
Bob's Burgers,17/05/2021,Disney+,S6:E2,The land ship,2015,Animated,Series,2,Yes,,,,12+,00:21:57,,
Bob's Burgers,18/05/2021,Disney+,S6:E3,the hauntening,2015,Animated,Series,2,Yes,,,,12+,00:21:50,,
Bob's Burgers,18/05/2021,Disney+,S6:E4,Gayle Makin' Bob Salad,2015,Animated,Series,2,Yes,,,,12+,00:22:00,,
Bob's Burgers,18/05/2021,Disney+,S6:E5,nice-capades,2015,Animated,Series,2,Yes,,,,12+,00:21:50,,
Bob's Burgers,19/05/2021,Disney+,S6:E6,"the cook the steve the Gayle, & her lover",2016,Animated,Series,2,Yes,,,,12+,00:21:59,,
Bob's Burgers,19/05/2021,Disney+,S6:E7,the gene & Courtney show,2016,Animated,Series,2,Yes,,,,12+,00:22:08,,
Bob's Burgers,19/05/2021,Disney+,S6:E8,sexy dance healing,2016,Animated,Series,2,Yes,,,,12+,00:21:59,,
Bob's Burgers,19/05/2021,Disney+,S6:E9,Sacred Couch,2016,Animated,Series,2.5,Yes,,,,12+,00:22:10,,
Bob's Burgers,19/05/2021,Disney+,S6:E10,lice things are lice,2016,Animated,Series,2.5,Yes,,,,12+,00:22:14,,
Bob's Burgers,19/05/2021,Disney+,S6:E11,stand by gene,2016,Animated,Series,2.5,Yes,,,,12+,00:21:54,,
Bob's Burgers,19/05/2021,Disney+,S6:E12,house of 1000 bounces,2016,Animated,Series,2.5,Yes,,,,12+,00:22:09,,
Bob's Burgers,20/05/2021,Disney+,S6:E13,wag the hog,2016,Animated,Series,2.5,Yes,,,,12+,00:21:32,,
Bob's Burgers,20/05/2021,Disney+,S6:E14,the hormone-iums,2016,Animated,Series,2.5,Yes,,,,12+,00:22:18,,
Bob's Burgers,20/05/2021,Disney+,S6:E15,Pro tiki/con tiki,2016,Animated,Series,3,Yes,,,,12+,00:22:10,,
Bob's Burgers,20/05/2021,Disney+,S6:E16,Bye bye boo boo,2016,Animated,Series,2.5,Yes,,,,12+,00:22:16,,
Bob's Burgers,21/05/2021,Disney+,S6:E17,The horse rider-er,2016,Animated,Series,2.5,Yes,,,,12+,00:22:10,,
Bob's Burgers,21/05/2021,Disney+,S6:E18,"Glued, Where's my bob",2016,Animated,Series,2.5,Yes,,,,12+,00:22:10,,
Bob's Burgers,21/05/2021,Disney+,S6:E19,secret admiral-irer,2016,Animated,Series,2.5,Yes,,,,12+,00:22:14,,
Bob's Burgers,21/05/2021,Disney+,S7:e1,Flu-ouise,2016,Animated,Series,2.5,Yes,,,,12+,00:22:32,,
Bob's Burgers,22/05/2021,Disney+,S7:e2,sea me now,2016,Animated,Series,2.5,Yes,,,,12+,00:22:04,,
Bob's Burgers,22/05/2021,Disney+,S7:e3,teen-a witch,2016,Animated,Series,2.5,Yes,,,,12+,00:22:26,,
Bob's Burgers,22/05/2021,Disney+,S7:e4,They serve horses dont they,2016,Animated,Series,2.5,Yes,,,,12+,00:22:09,,
Bob's Burgers,22/05/2021,Disney+,S7:e5,Large brother where fart thou,2016,Animated,Series,2.5,Yes,,,,12+,00:22:13,,
Bob's Burgers,22/05/2021,Disney+,S7:e6,the quirk-ducers,2016,Animated,Series,2.5,Yes,,,,12+,00:22:12,,
Bob's Burgers,22/05/2021,Disney+,S7:e7,the last gingerbread house on the left,2016,Animated,Series,2.5,Yes,,,,12+,00:22:18,,
Bob's Burgers,22/05/2021,Disney+,S7:e8,Ex machtina,2017,Animated,Series,2.5,Yes,,,,12+,00:22:13,,
Bob's Burgers,22/05/2021,Disney+,S7:e9,bob actually,2017,Animated,Series,2.5,Yes,,,,12+,00:22:26,,
Bob's Burgers,22/05/2021,Disney+,S7:e10,There is no business like mr. Business business,2017,Animated,Series,2.5,Yes,,,,12+,00:21:53,,
Bob's Burgers,22/05/2021,Disney+,S7:e11,A few 'gurt men,2017,Animated,Series,2.5,Yes,,,,12+,00:22:29,,
Bob's Burgers,22/05/2021,Disney+,S7:e12,like gene for chocolate,2017,Animated,Series,2.5,Yes,,,,12+,00:22:16,,
Bob's Burgers,22/05/2021,Disney+,S7:e13,The grand mama-pest hotel,2017,Animated,Series,2.5,Yes,,,,12+,00:22:22,,
Bob's Burgers,22/05/2021,Disney+,S7:e14,the aquaticism,2017,Animated,Series,2.5,Yes,,,,12+,00:22:20,,
Bob's Burgers,22/05/2021,Disney+,S7:e15,Aint miss debatin,2017,Animated,Series,2.5,Yes,,,,12+,00:22:21,,
Ideal Home,22/05/2021,Amazon Prime,,,2018,Comedy,Movie,3.5,no,,Paul Rudd,Andrew Fleming,15,01:31:32,,
Bob's Burgers,23/05/2021,Disney+,S7:E16,eggs for days,2017,Animated,Series,2.5,Yes,,,,12+,00:22:13,,
Bob's Burgers,23/05/2021,Disney+,S7:E17,Zero larp thirty,2017,Animated,Series,2.5,Yes,,,,12+,00:22:21,,
Bob's Burgers,23/05/2021,Disney+,S7:E18,the laser-inth,2017,Animated,Series,2.5,Yes,,,,12+,00:22:12,,
Bob's Burgers,23/05/2021,Disney+,S7:E19,Thelma and Louise except Thelma is linda,2017,Animated,Series,2.5,Yes,,,,12+,00:22:22,,
Bob's Burgers,23/05/2021,Disney+,S7:E20,mom lies and videotape,2017,Animated,Series,2.5,Yes,,,,12+,00:22:10,,
Bob's Burgers,23/05/2021,Disney+,S7:E21,paraders of the lost float,2017,Animated,Series,2.5,Yes,,,,12+,00:21:43,,
Detective Pikachu,23/05/2021,Amazon Prime,,,2019,Comedy,Movie,4.5,yes,,Ryan Reynolds,Rob Letterman,PG,01:44:22,,
Bob's Burgers,23/05/2021,Disney+,S7:E22,ino the mild,2017,Animated,Series,2.5,Yes,,,,12+,00:22:18,,
Bob's Burgers,24/05/2021,Disney+,S8:E1,Brunchsquatch,2017,Animated,Series,2.5,Yes,,,,12+,00:22:35,,
Bob's Burgers,24/05/2021,Disney+,S8:E2,The silence of the louise,2017,Animated,Series,2.5,Yes,,,,12+,00:22:38,,
Bob's Burgers,24/05/2021,Disney+,S8:E3,the wolf of wharf street,2017,Animated,Series,2.5,Yes,,,,12+,00:22:32,,
Bob's Burgers,25/05/2021,Disney+,S8:E4,Sit me baby one more time,2017,Animated,Series,4.5,Yes,,,,12+,00:22:30,,
Bob's Burgers,25/05/2021,Disney+,S8:E5,thanks-hoarding,2017,Animated,Series,2.5,Yes,,,,12+,00:22:10,,
Bob's Burgers,25/05/2021,Disney+,S8:E6,The bleakening - part one,2017,Animated,Series,2.5,Yes,,,,12+,00:22:35,,
Bob's Burgers,26/05/2021,Disney+,S8:E7,The bleakening - part two,2017,Animated,Series,2.5,Yes,,,,12+,00:22:37,,
Bob's Burgers,26/05/2021,Disney+,S8:E8,V for valentines-detta,2018,Animated,Series,2.5,Yes,,,,12+,00:22:13,,
Solar Opposites,26/05/2021,Disney+,S2:E7,the unlikely demise of terry's favourite shot glass,2021,Animated,Series,3,yes,,,,12+,00:25:44,,
Bob's Burgers,26/05/2021,Disney+,S8:E9,y tu ga-ga tambien,2018,Animated,Series,2.5,Yes,,,,12+,00:22:35,,
Bob's Burgers,27/05/2021,Disney+,S8:E10,The secret ceramics room of secrets,2018,Animated,Series,2.5,Yes,,,,12+,00:22:37,,
Bob's Burgers,27/05/2021,Disney+,S8:E11,sleeping with the frenemy,2018,Animated,Series,2.5,Yes,,,,12+,00:22:34,,
Bob's Burgers,28/05/2021,Disney+,S8:E12,The hurt soccer,2018,Animated,Series,2.5,Yes,,,,12+,00:22:33,,
Bob's Burgers,28/05/2021,Disney+,S8:E13,"cheer up, sleep gene",2018,Animated,Series,2.5,Yes,,,,12+,00:22:24,,
Bob's Burgers,28/05/2021,Disney+,S8:E14,the trouble with doubles,2018,Animated,Series,2.5,Yes,,,,12+,00:22:24,,
Bob's Burgers,28/05/2021,Disney+,S8:E15,go Tina on the mountain,2018,Animated,Series,2.5,Yes,,,,12+,00:22:34,,
Solar Opposites,28/05/2021,Disney+,S2:E8,The solar opposites almost get an xbox,2021,Animated,Series,3.5,yes,,,,12+,00:22:45,,
Bob's Burgers,28/05/2021,Disney+,S8:E16,"Are you there bob? It's me, birthday",2018,Animated,Series,3,Yes,,,,12+,00:22:31,,
Bob's Burgers,28/05/2021,Disney+,S8:E17,boywatch,2018,Animated,Series,3,Yes,,,,12+,00:22:37,,
M.O.D.O.K.!,28/05/2021,Disney+,S1:E1,If This Be...M.O.D.O.K.!,2021,Animated,Series,2,No,,,,16+,00:26:19,,
Bob's Burgers,29/05/2021,Disney+,S8:E18,as i walk through the alley of the shadow of ramps,2018,Animated,Series,3,Yes,,,,12+,00:22:29,,
Bob's Burgers,29/05/2021,Disney+,S8:E19,Mo mommy mo mommy,2018,Animated,Series,3,Yes,,,,12+,00:22:31,,
Bob's Burgers,29/05/2021,Disney+,S8:E20,Mission impos-slug-ble,2018,Animated,Series,3,Yes,,,,12+,00:22:33,,
Bob's Burgers,29/05/2021,Disney+,S8:E21,Soothing old something new something bob caters for you,2018,Animated,Series,3,Yes,,,,12+,00:22:34,,
Bob's Burgers,29/05/2021,Disney+,S9:e1,just one of the boyz 4 now for now,2018,Animated,Series,3,Yes,,,,12+,00:22:41,,
Bob's Burgers,29/05/2021,Disney+,S9:e2,The taking of Funtime one two three,2018,Animated,Series,3,Yes,,,,12+,00:22:36,,
Bob's Burgers,29/05/2021,Disney+,S9:e3,Tweentrepreneurs,2018,Animated,Series,3,Yes,,,,12+,00:22:31,,
Bob's Burgers,29/05/2021,Disney+,S9:e4,nightmare on ocean avenue street,2018,Animated,Series,3,Yes,,,,12+,00:22:24,,
Bob's Burgers,29/05/2021,Disney+,S9:e5,live and let fly,2018,Animated,Series,3,Yes,,,,12+,00:22:29,,
Bob's Burgers,29/05/2021,Disney+,S9:e6,bobby driver,2018,Animated,Series,3,Yes,,,,12+,00:22:41,,
Bob's Burgers,29/05/2021,Disney+,S9:e7,i bob your pardon,2018,Animated,Series,3,Yes,,,,12+,00:22:35,,
Bob's Burgers,29/05/2021,Disney+,S9:e8,Roller? I hardly knew her,2018,Animated,Series,3,Yes,,,,12+,00:22:33,,
Borat's American Lockdown & Debunking Borat,29/05/2021,Amazon Prime,S1:E1,Borat's American Lockdown,2021,Comedy,Series,3.5,yes,,Sacha Baron Cohen,,15,00:36:38,,
Bob's Burgers,29/05/2021,Disney+,S9:e9,UFO No You didn't,2018,Animated,Series,3,Yes,,,,12+,00:22:40,,
Bob's Burgers,30/05/2021,Disney+,S9:e10,better off sled,2018,Animated,Series,3,Yes,,,,12+,00:22:27,,
Borat's American Lockdown & Debunking Borat,30/05/2021,Amazon Prime,S1:E2,Debunking Borat: Vaccine Microchip,2021,Documentary,Series,4,yes,,Sacha Baron Cohen,Kahlen Cooperman,15,00:06:45,,
Borat's American Lockdown & Debunking Borat,30/05/2021,Amazon Prime,S1:E3,Debunking Borat: Mail-in Ballots Scam,2021,Documentary,Series,3.5,yes,,Sacha Baron Cohen,Kahlen Cooperman,15,00:07:20,,
Borat's American Lockdown & Debunking Borat,30/05/2021,Amazon Prime,S1:E4,Debunking Borat: Soros,2021,Documentary,Series,3.5,yes,,Sacha Baron Cohen,Kahlen Cooperman,15,00:07:42,,
Borat's American Lockdown & Debunking Borat,30/05/2021,Amazon Prime,S1:E5,Debunking Borat: China Virus,2021,Documentary,Series,3.5,yes,,Sacha Baron Cohen,Kahlen Cooperman,15,00:07:28,,
Borat's American Lockdown & Debunking Borat,30/05/2021,Amazon Prime,S1:E6,Debunking Borat: Gates' Bricks,2021,Documentary,Series,3.5,yes,,Sacha Baron Cohen,Kahlen Cooperman,15,00:07:30,,
Borat's American Lockdown & Debunking Borat,30/05/2021,Amazon Prime,S1:E7,Debunking Borat: Hilary Clinton & Blood Libel,2021,Documentary,Series,3.5,yes,,Sacha Baron Cohen,Kahlen Cooperman,15,00:07:46,,
Hot Air,30/05/2021,Amazon Prime,,,2019,Comedy,Movie,3.5,YES,,Steven Coogan,Frank Coraci,15,01:43:52,,
Bob's Burgers,30/05/2021,Disney+,S9:e11,"Lowenzo's oil? No, Linda's",2018,Animated,Series,3,Yes,,,,12+,00:22:22,,
Bob's Burgers,30/05/2021,Disney+,S9:e12,the Helen hunt,2018,Animated,Series,3,Yes,,,,12+,00:22:37,,
Bob's Burgers,30/05/2021,Disney+,S9:e13,"Bed, bob & beyond",2018,Animated,Series,3,Yes,,,,12+,00:22:29,,
Bob's Burgers,31/05/2021,Disney+,S9:e14,every which way but goose,2018,Animated,Series,3,Yes,,,,12+,00:22:41,,
Bob's Burgers,31/05/2021,Disney+,S9:e15,the fresh princ-ipal,2018,Animated,Series,3,Yes,,,,12+,00:22:45,,
Bob's Burgers,31/05/2021,Disney+,S9:e16,roamin' bob-iday,2018,Animated,Series,3,Yes,,,,12+,00:22:37,,
Bob's Burgers,31/05/2021,Disney+,S9:e17,what about blob?,2018,Animated,Series,3,Yes,,,,12+,00:22:31,,
Bob's Burgers,31/05/2021,Disney+,S9:e18,"ifyou love it so much, why dont you marionette?",2018,Animated,Series,3,Yes,,,,12+,00:22:36,,
Bob's Burgers,31/05/2021,Disney+,S9:e19,"long time listener, first time bob",2018,Animated,Series,3,Yes,,,,12+,00:22:36,,
Bob's Burgers,31/05/2021,Disney+,S9:e20,the gene mile,2018,Animated,Series,3,Yes,,,,12+,00:22:37,,
Bob's Burgers,31/05/2021,Disney+,S9:e21,PTA it aint so,2018,Animated,Series,3,Yes,,,,12+,00:22:30,,
Bob's Burgers,01/06/2021,Disney+,S9:e22,yes without my zeke,2018,Animated,Series,3,Yes,,,,12+,00:22:38,,
Bob's Burgers,01/06/2021,Disney+,S10:E1,The Ring (But not scary),2019,Animated,Series,3,Yes,,,,12+,00:22:21,,
Bob's Burgers,02/06/2021,Disney+,S10:E2,boys just wanna have fungus,2019,Animated,Series,3,Yes,,,,12+,00:22:16,,
Bob's Burgers,02/06/2021,Disney+,S10:E3,"motor, she boat",2019,Animated,Series,3,Yes,,,,12+,00:22:25,,
Bob's Burgers,02/06/2021,Disney+,S10:E4,pig trouble in little tina,2019,Animated,Series,3,Yes,,,,12+,00:22:30,,
Bob's Burgers,02/06/2021,Disney+,S10:E5,legends of the mall,2019,Animated,Series,3,Yes,,,,12+,00:22:26,,
Bob's Burgers,03/06/2021,Disney+,S10:E6,The Hawkings: look whos hawking now!,2019,Animated,Series,3,Yes,,,,12+,00:22:22,,
Bob's Burgers,03/06/2021,Disney+,S10:E7,land of the loft,2019,Animated,Series,3,Yes,,,,12+,00:22:20,,
Bob's Burgers,03/06/2021,Disney+,S10:E8,Now we're not cooking with gas,2019,Animated,Series,3,Yes,,,,12+,00:22:18,,
Bob's Burgers,03/06/2021,Disney+,S10:E9,all that gene,2019,Animated,Series,3,Yes,,,,12+,00:22:25,,
Bob's Burgers,04/06/2021,Disney+,S10:E10,have yourself a maily Linda christmad,2019,Animated,Series,3,Yes,,,,12+,00:22:19,,
Bob's Burgers,05/06/2021,Disney+,S10:E11,drumforgiven,2020,Animated,Series,3,Yes,,,,12+,00:22:25,,
Bob's Burgers,05/06/2021,Disney+,S10:E12,a fish called tina,2020,Animated,Series,3,Yes,,,,12+,00:22:25,,
Bob's Burgers,05/06/2021,Disney+,S10:E13,thee girls and a little wharfy,2020,Animated,Series,3,Yes,,,,12+,00:22:15,,
Bob's Burgers,05/06/2021,Disney+,S10:E14,wag the song,2020,Animated,Series,3,Yes,,,,12+,00:22:23,,
Bob's Burgers,05/06/2021,Disney+,S10:E15,Yurty rotten scoudrels,2020,Animated,Series,3,Yes,,,,12+,00:22:20,,
Bob's Burgers,05/06/2021,Disney+,S10:E16,Flat-top o' the morning to ya,2020,Animated,Series,3,Yes,,,,12+,00:22:15,,
Bob's Burgers,05/06/2021,Disney+,S10:E17,Just the trip,2020,Animated,Series,3,Yes,,,,12+,00:22:20,,
Bob's Burgers,06/06/2021,Disney+,S10:E18,tappy tappy tap tap tap,2020,Animated,Series,3,Yes,,,,12+,00:22:25,,
Bob's Burgers,06/06/2021,Disney+,S10:E19,the handyman can,2020,Animated,Series,3.5,Yes,,,,12+,00:22:25,,
Bob's Burgers,06/06/2021,Disney+,S10:E20,Poops!.. I didnt do it again,2020,Animated,Series,3.5,Yes,,,,12+,00:22:15,,
Bob's Burgers,06/06/2021,Disney+,S10:E21,Local She-ro,2020,Animated,Series,3.5,Yes,,,,12+,00:22:25,,
Bob's Burgers,06/06/2021,Disney+,S10:E22,Prank you for being a friend,2020,Animated,Series,3.5,Yes,,,,12+,00:22:25,,
Loki,09/06/2021,Disney+,S1:E1,Glorious Purpose,2021,Superhero,Series,5,Yes,,Tom Hiddleston,Kate Herron,12+,00:51:30,,
Shazam,11/06/2021,Amazon Prime,,,2019,Superhero,Movie,4.5,yes,,Zachary Levi,David F. Sandberg,13+,02:11:39,,
The secret life of Walter Mitty,12/06/2021,Disney+,,,2013,Comedy,Movie,3.5,yes,,Ben Stiller,Ben Stiller,9+,01:55:59,,
Perception,12/06/2021,Disney+,S1:E1,Pilot,2012,Drama,Series,3.5,yes,,Eric McCormack,,12+,00:45:27,,
Crypto,13/06/2021,Amazon Prime,,,2019,Drama,Movie,3.5,yes,,Beau Knapp,John Stalberg Jr.,15,01:45:32,,
Perception,13/06/2021,Disney+,S1:E2,Faces,2012,Drama,Series,4,yes,,Eric McCormack,,12+,00:42:30,,
Perception,13/06/2021,Disney+,S1:E3,86'd,2012,Drama,Series,3.5,yes,,Eric McCormack,,12+,00:42:27,,
Perception,14/06/2021,Disney+,S1:E4,Cipher,2012,Drama,Series,3.5,yes,,Eric McCormack,,12+,00:42:32,,
Perception,14/06/2021,Disney+,S1:E5,Messenger,2012,Drama,Series,3.5,yes,,Eric McCormack,,12+,00:42:30,,
Perception,15/06/2021,Disney+,S1:E6,lovesick,2012,Drama,Series,3.5,yes,,Eric McCormack,,12+,00:42:29,,
Perception,16/06/2021,Disney+,S1:E7,Nemesis,2012,Drama,Series,3.5,yes,,Eric McCormack,,12+,00:42:31,,
Perception,16/06/2021,Disney+,S1:E8,Kilmanjaro,2012,Drama,Series,3.5,yes,,Eric McCormack,,12+,00:42:31,,
Perception,17/06/2021,Disney+,S1:E9,Shadow,2012,Drama,Series,3.5,yes,,Eric McCormack,,12+,00:42:06,,
Perception,17/06/2021,Disney+,S1:E10,Light,2012,Drama,Series,3.5,yes,,Eric McCormack,,12+,00:42:28,,
Loki,18/06/2021,Disney+,S1:E2,The Variant,2021,Superhero,Series,5,Yes,,Tom Hiddleston,Kate Herron,12+,00:54:29,,
Loki,25/06/2021,Disney+,S1:E3,Lamentis,2021,Superhero,Series,5,Yes,,Tom Hiddleston,Kate Herron,12+,00:43:42,,
Loki,02/07/2021,Disney+,S1:E4,The Nexus Event,2021,Superhero,Series,5,Yes,,Tom Hiddleston,Kate Herron,12+,00:48:53,,
Loki,09/07/2021,Disney+,S1:E5,Journey Into Mystery,2021,Superhero,Series,5,Yes,,Tom Hiddleston,Kate Herron,12+,00:49:32,,
"The Simpsons The Good, The Bart, And The Lokit",10/07/2021,Disney+,,,2021,Superhero,Movie,3,no,,Tom Hiddleston,,6+,00:06:28,,
Loki,16/07/2021,Disney+,S1:E6,,2021,Superhero,Series,5,Yes,,Tom Hiddleston,Kate Herron,12+,00:46:33,,
Guns Akimbo,17/07/2021,Amazon Prime,,,2019,Science Fiction,Movie,4,Yes,,Daniel Radcliffe,,18,01:37:12,,
The Grand Tour,30/07/2021,Amazon Prime,S3:E3,The Lochdown,2021,Entertainment,Series,4.5,Yes,,,,13,01:29:53,,
Escape Room,30/07/2021,Amazon Prime,,,2019,Thriller,Movie,4,yes,,,Adam Robitel,15,01:39:36,,
Godzilla: King of the monsters,31/07/2021,Amazon Prime,,,2019,Science Fiction,Movie,5,yes,,Kyle Chandler,Michael Dougherty,13+,02:11:39,,
Perception,01/08/2021,Disney+,S2:E1,Ch-Ch-Changes,2013,Drama,Series,3.5,yes,,Eric McCormack,,12+,00:42:24,,
Perception,05/08/2021,Disney+,S2:E2,Alienation,2013,Drama,Series,4,yes,,Eric McCormack,,12+,00:42:28,,
Perception,07/08/2021,Disney+,S2:E3,Blindness,2013,Drama,Series,4,yes,,Eric McCormack,,12+,00:42:28,,
The Losers,08/08/2021,Amazon Prime,,,2010,Action,Movie,4,yes,,Jeffrey Dean Morgan,Sylvain White,12,01:32:54,,
Perception,08/08/2021,Disney+,S2:E4,Toxic,2013,Drama,Series,4,yes,,Eric McCormack,,12+,00:42:24,,
What If…?,13/08/2021,Disney+,S1:E1,Captain Carter Were The First Avenger?,2021,Superhero,Series,5,yes,,,,12+,00:33:44,,
Boss Level,14/08/2021,Amazon Prime,,,2021,Science Fiction,Movie,4.5,yes,,Frank Grillo,Joe Carnahan,15,01:41:03,,
Stuber,14/08/2021,Disney+,,,2019,Cop,Movie,3.5,no,,Dave Bautisa,Michael Dowse,16+,01:34:10,,
Perception,14/08/2021,Disney+,S2:E5,Caleidoscope,2013,Drama,Series,4,yes,,Eric McCormack,,12+,00:42:30,,
Perception,15/08/2021,Disney+,S2:E6,Defective,2013,Drama,Series,4,yes,,Eric McCormack,,12+,00:42:30,,
Perception,15/08/2021,Disney+,S2:E7,Neuropositive,2013,Drama,Series,4,yes,,Eric McCormack,,12+,00:42:30,,
Perception,16/08/2021,Disney+,S2:E8,Asylum,2013,Drama,Series,4.5,yes,,Eric McCormack,,12+,00:42:31,,
Perception,16/08/2021,Disney+,S2:E9,Wounded,2013,Drama,Series,4,yes,,Eric McCormack,,12+,00:42:34,,
Perception,17/08/2021,Disney+,S2:E10,warriors,2013,Drama,Series,4,yes,,Eric McCormack,,12+,00:42:30,,
Perception,18/08/2021,Disney+,S2:E11,Curveball,2014,Drama,Series,4,yes,,Eric McCormack,,12+,00:42:20,,
What If…?,21/08/2021,Disney+,S1:E2,T'Challa became a Star-Lord,2021,Superhero,Series,5,yes,,Chadwick Boseman,,12+,00:34:59,,
Perception,21/08/2021,Disney+,S2:E12,Brotherhood,2014,Drama,Series,4,yes,,Eric McCormack,,12+,00:42:31,,
Perception,21/08/2021,Disney+,S2:E13,Cobra,2014,Drama,Series,4,yes,,Eric McCormack,,12+,00:42:32,,
Perception,22/08/2021,Disney+,S2:E14,Obsession,2014,Drama,Series,4,yes,,Eric McCormack,,12+,00:42:07,,
Perception,23/08/2021,Disney+,S3:E1,Paris,2014,Drama,Series,4,yes,,Eric McCormack,,12+,00:43:30,,
Perception,25/08/2021,Disney+,S3:E2,Painless,2014,Drama,Series,4,yes,,Eric McCormack,,12+,00:42:32,,
Perception,26/08/2021,Disney+,S3:E3,Shiver,2014,Drama,Series,4,yes,,Eric McCormack,,12+,00:42:31,,
Perception,27/08/2021,Disney+,S3:E4,Possession,2014,Drama,Series,4,yes,,Eric McCormack,,12+,00:42:31,,
What If…?,27/08/2021,Disney+,S1:E3,The World Lost It's Mightiest heroes,2021,Superhero,Series,5,yes,,Chadwick Boseman,,12+,00:33:05,,
Perception,28/08/2021,Disney+,S3:E5,Eternity,2014,Drama,Series,4,yes,,Eric McCormack,,12+,00:42:31,,
Monsters of Man,28/08/2021,Amazon Prime,,,2020,Science Fiction,Movie,5,yes,,Neal McDonough,Mark Toia,16+,02:11:46,,
Perception,28/08/2021,Disney+,S3:E6,Inconceivable,2014,Drama,Series,4,yes,,Eric McCormack,,12+,00:42:27,,
Perception,29/08/2021,Disney+,S3:E7,Bolero,2014,Drama,Series,4,yes,,Eric McCormack,,12+,00:42:28,,
Perception,30/08/2021,Disney+,S3:E8,Prologue,2014,Drama,Series,4,yes,,Eric McCormack,,12+,00:42:31,,
Perception,31/08/2021,Disney+,S3:E9,Silence,2014,Drama,Series,4,yes,,Eric McCormack,,12+,00:42:30,,
Doctor Strange,31/08/2021,Disney+,,,2016,Superhero,Movie,4.5,yes,,Benedict Cumberbatch,Scott Derrickson,12+,01:56:37,yes,
Perception,31/08/2021,Disney+,S3:E10,Dirty,2014,Drama,Series,4,yes,,Eric McCormack,,12+,00:42:42,,
Perception,01/09/2021,Disney+,S3:E11,Brainstorm,2014,Drama,Series,4,yes,,Eric McCormack,,12+,00:42:04,,
What If…?,02/09/2021,Disney+,S1:E4,Doctor Stange lost his heart instead of his hands,2021,Superhero,Series,5,yes,,Benedict Cumberbatch,,12+,00:36:23,,
Perception,02/09/2021,Disney+,S3:E12,Meat,2014,Drama,Series,4,yes,,Eric McCormack,,12+,00:42:34,,
Perception,03/09/2021,Disney+,S3:E13,Mirror,2014,Drama,Series,4,yes,,Eric McCormack,,12+,00:42:33,,
Perception,03/09/2021,Disney+,S3:E14,Romeo,2014,Drama,Series,4,yes,,Eric McCormack,,12+,00:42:32,,
Perception,04/09/2021,Disney+,S3:E15,Run,2014,Drama,Series,4,yes,,Eric McCormack,,12+,00:43:00,,
Rick and Morty,06/09/2021,All 4,S3:E10,The Rickchurian Mortydate,2019,Animated,Series,3.5,yes,,,,18+,00:21:52,,
Rick and Morty,06/09/2021,All 4,S5:E6,Thanksploitation Spectacular,2021,Animated,Series,3.5,yes,,,,18+,00:22:31,,
Rick and Morty,06/09/2021,All 4,S5:E7,gotron jerrysis rickvangelion,2021,Animated,Series,3.5,yes,,,,18+,00:22:31,,
Rick and Morty,07/09/2021,All 4,S5:E8,Richter also friendshine of the spotless mort,2021,Animated,Series,3.5,yes,,,,18+,00:21:10,,
What If…?,08/09/2021,Disney+,S1:E5,Zombies,2021,Superhero,Series,5,yes,,,,12+,00:32:09,,
Rick and Morty,08/09/2021,All 4,S5:E9,Forgetting Sarick Mortshall,2021,Animated,Series,3.5,yes,,,,18+,00:20:02,,
Rick and Morty,09/09/2021,All 4,S5:E10,Rickmurai JAck,2021,Animated,Series,4,yes,,,,18+,00:20:02,,
The Hummingbird Project,09/09/2021,Amazon Prime,,,2019,Drama,Movie,4,yes,,Jesse Eisenberg,Kim Nguyen,15,01:50:34,,
The Tomorrow War,09/09/2021,Amazon Prime,,,2021,Science Fiction,Movie,4.5,yes,,Yvonne Strahovski,Chris McKay,12,02:18:06,,
Rick and Morty,10/09/2021,All 4,Specials,Samurai & Shogun,2020,Animated,Series,3.5,yes,,,,18+,00:05:11,,
Rick and Morty,10/09/2021,All 4,Specials,Genocider,2020,Animated,Series,3.5,yes,,,,18+,00:08:10,,
What If…?,15/09/2021,Disney+,S1:E6,Kilmonger rescued Tony stark?,2021,Superhero,Series,5,yes,,,,12+,00:33:19,,
Vacation Friends,17/09/2021,Disney+,,,2021,Comedy,Movie,4,yes,,John Cena,,16+,01:45:26,,
Big Hero 6,19/09/2021,Disney+,,,2014,Animated,Movie,4.5,yes,,Scott Adsit,Don Hall,6+,01:45:47,,
What If…?,22/09/2021,Disney+,S1:E7,Thor were an only child?,2021,Superhero,Series,5,yes,,,,12+,00:35:35,,
The A Team,22/09/2021,Disney+,,,2010,Action,Movie,4,yes,,Liam Neeson,,12+,02:00:16,,
Free Fire,28/09/2021,Amazon Prime,,,2017,Comedy,Movie,3,no,,Sharlo Copley,,15,01:30:32,,
What If…?,29/09/2021,Disney+,S1:E8,Ultron Won,2021,Superhero,Series,5,yes,,,,12+,00:30:10,,
Free Guy,29/09/2021,Disney+,,,2021,Comedy,Movie,5,yes,,Ryan Reynolds,Shawn LEvy,12+,01:56:53,,
Altanta,29/09/2021,Disney+,S1:E1,The Big Bang,2016,Drama,Series,3.5,yes,,Donald Glover,,12+,00:25:51,,
Altanta,29/09/2021,Disney+,S1:E2,streets on lock,2016,Drama,Series,3.5,yes,,Donald Glover,,12+,00:23:16,,
Altanta,30/09/2021,Disney+,S1:E3,Go for Broke,2016,Drama,Series,3.5,yes,,Donald Glover,,12+,00:25:28,,
Altanta,30/09/2021,Disney+,S1:E4,The Streisand Effect,2016,Drama,Series,3.5,yes,,Donald Glover,,12+,00:23:28,,
Altanta,30/09/2021,Disney+,S1:E5,Nobody beats the biebs,2016,Drama,Series,3.5,yes,,Donald Glover,,12+,00:22:12,,
Altanta,30/09/2021,Disney+,S1:E6,Value,2016,Drama,Series,3.5,yes,,Donald Glover,,12+,00:25:18,,
Altanta,04/10/2021,Disney+,S1:E7,B.A.N,2016,Drama,Series,3.5,yes,,Donald Glover,Donald Glover,12+,00:22:16,,
Altanta,04/10/2021,Disney+,S1:E8,The Club,2016,Drama,Series,3.5,yes,,Donald Glover,,12+,00:26:08,,
Altanta,04/10/2021,Disney+,S1:E9,Juneeeth,2016,Drama,Series,3.5,yes,,Donald Glover,Donald Glover,12+,00:24:37,,
Altanta,05/10/2021,Disney+,S1:E10,the jacket,2016,Drama,Series,3.5,yes,,Donald Glover,Donald Glover,12+,00:26:30,,
Infinite,05/10/2021,Amazon Prime,,,2021,Science Fiction,Movie,4,yes,,Mark Wahlberg,Antoine Fuqua,12,01:46:20,,
What If…?,06/10/2021,Disney+,S1:E9,The Watcher Broke His Oath,2021,Superhero,Series,5,yes,,,,12+,00:35:16,,
Black Widow,07/10/2021,Disney+,,,2021,Superhero,Movie,4,yes,,Scarlett Johansonn,Cate Shortland,12+,02:15:38,,
Joker,10/10/2021,Amazon Prime,,,2019,Drama,Movie,3,no,,Joaquin Phoenix,Todd Philips,16+,02:01:45,,
Parallel,10/10/2021,Amazon Prime,,,2021,Science Fiction,Movie,3.5,yes,,,ISaac Ezban,15,01:43:45,,
The Callup,11/10/2021,Amazon Prime,,,2016,Science Fiction,Movie,3,no,,,,15,01:30:02,,
Cooties,12/10/2021,Amazon Prime,,,2014,Comedy,Movie,3,no,,Elijah Wood,,15,01:28:33,,
The Amazing Spider-Man,14/10/2021,Amazon Prime,,,2012,Superhero,Movie,3,yes,,Andrew Garfield,Marc webb,12,02:16:00,,
National Treasure,16/10/2021,Disney+,,,2004,Action,Movie,3.5,YES,,Nicolas Cage,Jon Turteltaub,12+,02:11:16,,
National Treasure 2 Book of Secrets,16/10/2021,Disney+,,,2007,Action,Movie,3.5,YES,,Nicolas Cage,Jon Turteltaub,12+,02:05:41,,
Urge,17/10/2021,Amazon Prime,,,2016,Action,Movie,3.5,no,,,,16+,01:30:56,,
Dark Waters,18/10/2021,Amazon Prime,,,2020,Drama,Movie,4.5,Yes,,Mark Ruffalo,Todd Haynes,12,02:07:04,,
High Rise,21/10/2021,Amazon Prime,,,2016,Drama,Movie,3,no,,,,15,01:58:55,,
Shang-Chi and the Legend of the ten rings,12/11/2021,Disney+,,,2021,Superhero,Movie,5,yes,,Simu Liu,Destin Daniel Cretton,13,02:14:14,,
Doctor Sleep Director's Cut,19/11/2021,Amazon Prime,,,2019,Horror,Movie,5,yes,,Ewan MCGregor,Mike Flanagan,NR,03:00:10,,
Jungle Cruise,20/11/2021,Disney+,,,2021,Comedy,Movie,4,yes,,Dwanye Johnson,Jaume Collet-Serra,12+,02:09:32,,
Hawkeye,26/11/2021,Disney+,S1:E1,Never meet your heroes,2021,Superhero,Series,3.5,yes,,Hailee Steinfield,Rhys Thomas,12+,00:49:50,,
Hawkeye,26/11/2021,Disney+,S1:E2,Hide and Seek,2021,Superhero,Series,4,yes,,Hailee Steinfield,Rhys Thomas,12+,00:51:04,,
Queenpins,27/11/2021,Amazon Prime,,,2021,Comedy,Movie,3,no,,Kristen Bell,"Aron Gaudet
Gita Pullapilly",16+,01:50:39,,
Hawkeye,05/12/2021,Disney+,S1:E3,Echoes,2021,Superhero,Series,4,yes,,Hailee Steinfield,Bert & Bertie,12+,00:43:44,,
Baked in Brooklyn,05/12/2021,Amazon Prime,,,2016,Comedy,Movie,2,no,,Josh brenner,Rory Rooney,01:26:22,,,
Hawkeye,10/12/2021,Disney+,S1:E4,"Partners, Am I Right",2021,Superhero,Series,4,yes,,Hailee Steinfield,Bert & Bertie,12+,00:40:28,,
Hawkeye,17/12/2021,Disney+,S1:E5,Ronin,2021,Superhero,Series,4.5,yes,,Hailee Steinfield,Bert & Bertie,12+,00:44:24,,
Open Windows,18/12/2021,Amazon Prime,,,2014,Drama,Movie,3,no,,Elijah Wood,Nacho Vigalondo,15,01:40:36,,
Arcane,19/12/2021,N/A,S1:E1,Welcome to the playground,2021,Animated,Series,3,no,,Hailee Steinfield,,,00:42:43,,
The Grand Tour,19/12/2021,Amazon Prime,S4:E4,Carnage A Trois,2021,Comedy,Series,3.5,yes,,Jeremy Clarkson,,15,01:08:38,,
JoJo Rabbit,20/12/2021,Disney+,,,2019,Comedy,Movie,2.5,no,,Taika Waititi,Taika Waititi,12+,01:49:35,,
Hawkeye,22/12/2021,Disney+,S1:E6,So This is Christmas,2021,Superhero,Series,5,yes,,Hailee Steinfield,Bert & Bertie,12+,01:10:24,,
Spiderman Far From Home,23/12/2021,Google Play,,,2019,Superhero,Movie,4.5,yes,,Tom Holland,,12+,02:09:22,,
Dopesick,25/12/2021,Disney+,S1:E1,First Bottle,2021,Drama,Series,5,yes,,Michael Keaton,,16+,01:01:11,,
Dopesick,25/12/2021,Disney+,S1:E2,Breakthrough Pain,2021,Drama,Series,4.5,yes,,Michael Keaton,,16+,01:03:04,,
Dopesick,25/12/2021,Disney+,S1:E3,the 5th vital sign,2021,Drama,Series,4.5,yes,,Michael Keaton,,16+,00:58:31,,
Dopesick,26/12/2021,Disney+,S1:E4,Pseudo-Addiction,2021,Drama,Series,4.5,yes,,Michael Keaton,,16+,01:02:10,,
Dopesick,26/12/2021,Disney+,S1:E5,The Whistleblower,2021,Drama,Series,4.5,yes,,Michael Keaton,,16+,01:04:40,,
Dopesick,27/12/2021,Disney+,S1:E6,Hammer The Abusers,2021,Drama,Series,4.5,yes,,Michael Keaton,,16+,01:00:59,,
Dopesick,27/12/2021,Disney+,S1:E7,Black Box Warning,2021,Drama,Series,4.5,yes,,Michael Keaton,,16+,01:03:46,,
Dopesick,27/12/2021,Disney+,S1:E8,The People vs. Purdue Pharma,2021,Drama,Series,4.5,yes,,Michael Keaton,,16+,01:06:20,,
The Hitman's Wife's Bodyguard,28/12/2021,Amazon Prime,,,2021,Comedy,Movie,3.5,yes,,Ryan Reynolds,,NR,01:39:40,,
